{"urls":[
{"name":"🐼饭太硬","url":"http://饭太硬.top/tv"},
{"name":"🐼OK","url":"https://jihulab.com/okcaptain/kko/-/raw/main/ok.txt"},
{"name":"🐔肥猫","url":"http://我不是.肥猫.live/接口禁止贩卖"},
{"name":"🐔小米","url":"http://xhww.fun:63/小米/DEMO.json"},
{"name":"🦆俊于","url":"http://home.jundie.top:81/top98.json"},
{"name":"🦞荷城茶秀","url":"http://rihou.cc:88/荷城茶秀"},
{"name":"🌴CatT4口","url":"https://agit.ai/ddx/TVBox/raw/branch/master/t4.json"},
{"name":"🌿Cat接口","url":"https://agit.ai/ddx/TVBox/raw/branch/master/catbox.json"},
{"name":"🐔心动采集","url":"https://cloud.lxweb.cn/f/YxzdI6/xdcj.json"},
{"name":"🐔天微VIP","url":"https://tvkj888.cn/tvys/svip.json"},
{"name":"🌿PG","url":"https://agit.ai/leevi/PlG/raw/branch/master/jsm.json"},
{"name":"🐔一夫莫当","url":"http://yydf.540734621.xyz/yydf/yydf/bd/watson/watson.json"},
{"name":"🐔无敌乌鸦","url":"https://pan.shangui.cc/f/gyVYFV/乌鸦不太黑.json"},
{"name":"🐔春莹天下","url":"https://wds.ecsxs.com/230989.json"},
{"name":"🐔黄金授权仓","url":"https://gitlab.com/lzc1021lzc/hjfggzs.hjys/-/raw/main/hjys.free.json"},
{"name":"🐔PizazzGY","url":"https://ghps.cc/http://raw.githubusercontent.com/PizazzGY/TVBox/main/api.json"},
{"name":"😹影视资源","url":"http://bp.tvbox.cam"},
{"name":"😹玄珠","url":"https://jihulab.com/xuanzhuapp/xzys/-/raw/main/xzvip.json"},
{"name":"😹业余PG","url":"http://yydf.540734621.xyz/yydf/yydf/bd/pg.json"},
{"name":"😹菜妮丝","url":"https://tvbox.cainisi.cf"},
{"name":"😹环宇轩","url":"http://www.891218.xyz/free/jk/hyxuan2.json"},
{"name":"😹千软汇","url":"http://qrh.yimkj.cn/qrh/千软汇.json"},
{"name":"😹香雅晴","url":"http://yydf.540734621.xyz/yydf/yydf/bd/xyq.json"},
{"name":"😹影视车","url":"http://svip.weixine.net:88/uploads/itvbox/svip.json"},
{"name":"😹4K影院","url":"https://atomgit.com/lxhfans/ZZ/raw/master/tv.txt"},
{"name":"😹D佬大","url":"https://download.kstore.space/download/2883/m3u8/dsj/guochan/mp1/1.m3u8"},
{"name":"😹分享者","url":"https://agit.ai/66666/mao/raw/branch/master/00/000.m3u8"},
{"name":"😹三条Z","url":"https://agit.ai/mmmgit/tvbox/raw/branch/main/zzz1.json"},
{"name":"😹动漫城","url":"https://www.yingm.cc/dm/dm.json"},
{"name":"🚀动漫频道","url":"http://tvkj.top/动漫频道/api.json"},
{"name":"🚀采集王","url":"http://yydf.540734621.xyz/yydf/yydf/bd/yydf.json"},
{"name":"🚀喵影视","url":"http://meowtv.cn/tv"},
{"name":"🚀欧歌","url":"http://tv.nxog.top/m/111.php?ou=公众号欧歌app&mz=index2&jar=index2&123&b=欧歌"},
{"name":"🚀壹梦","url":"http://qrh.yimkj.cn/ym/壹梦.json"},
{"name":"🚀无界","url":"http://www.cwss.xyz/wj.json"},
{"name":"🚀云星","url":"http://itvbox.cc/tvbox/云星日记/1.m3u8"},
{"name":"🚀摸鱼","url":"http://我不是.摸鱼儿.top"},
{"name":"🚀恒星","url":"https://atomgit.com/hengxing/hxvip/raw/main/hxvip.json"},
{"name":"🚀玉玉","url":"http://xn--5nqxcz3am3cb7e94xzy6aa2935d.xyz/xc.json"},
{"name":"🚀业余","url":"http://yydf.kele.plus/yydf/api.json"},
{"name":"🚀天微","url":"https://qixing.myhkw.com/tianwei/svip.json"},
{"name":"🚀万达","url":"http://sinopacifichk.com/box/56.txt"},
{"name":"🚀于氏","url":"https://agit.ai/sejinan/app/raw/branch/box/yu"},
{"name":"🚀魔饭","url":"https://jihulab.com/yw88075/tvbox/-/raw/main/dr/js.json"},
{"name":"🚀小马","url":"https://szyyds.cn/tv/x.json"},
{"name":"🚀开心","url":"http://rihou.vip:61/天天开心"},
{"name":"🦉飘零","url":"https://100km.top/0"},
{"name":"🦉无意","url":"http://www.wya6.cn/tv/yc.json"},
{"name":"🦉杂烩","url":"https://atomgit.com/hengxing/hx/raw/master/dzh.txt"},
{"name":"🦉业余阿里","url":"http://yydf.540734621.xyz/yydf/yydf/bd/ali.json"},
{"name":"🦉阿里玩偶","url":"http://qrh.yimkj.cn/al/阿里.json"},
{"name":"🦉教育专线","url":"https://agit.ai/895322156/Q/raw/branch/master/TV/jy.txt"},
{"name":"🦉少儿益智","url":"http://qrh.yimkj.cn/se/少儿.json"},
{"name":"😹牛大佬","url":"http://biu.alwaysdata.net/box.json"},
{"name":"拾光4K","url":"https://gh.con.sh/https://raw.githubusercontent.com/xmbjm/vip4K/main/4Kvip.json"},
{"name":"拾光VIP","url":"https://atomgit.com/xmbjm/vip/raw/main/vip.json"},
{"name":"🐺猎狼影视","url":"https://www.lltv8.top"},
{"name":"🦉道长","url":"https://pastebin.com/raw/5NHaxyGR"},
{"name":"🐹dxawi","url":"https://dxawi.github.io/0/0.json"},
{"name":"🍯HG","url":"https://api.hgyx.vip/hgyx.json"},
{"name":"☔️缘聚缘散","url":"https://agit.ai/alanchaotang/if/raw/branch/main/X.json"},{"name":"⛵️南风","url":"https://agit.ai/Yoursmile7/TVBox/raw/branch/master/XC.json"},
{"name":"🦜运输车","url":"https://weixine.net/ysc.json"},
{"name":"🦜运输车CF加速","url":"https://cf.weixine.net/ysc.json"},
{"name":"🦞胖鸭","url":"https://agit.ai/cyl518/yl/raw/branch/master/pytv.json"},
{"name":"😵巧技","url":"https://agit.ai/relax/adcc/raw/branch/master/tvbox.json"},
{"name":"🎎最全短剧","url":"https://agit.ai/hu/hcr/raw/branch/master/短剧.json"}, 
{"name":"🦓老刘备","url":"https://raw.iqiq.io/liu673cn/box/main/m.json"},
{"name":"😵18","url":"https://agit.ai/zzzgit/zzz/raw/branch/main/proxxx.json"}
]}